City_ID,City,Country,Lat,Lng,Max Temp,Humidity,Cloudiness,Wind Speed,Current Description
0,Port Lincoln,AU,-34.7333,135.8667,64.74,74,100,12.19,moderate rain
1,Zlobin,HR,45.2924,14.6541,42.1,67,20,20.71,few clouds
2,Tura,IN,25.5198,90.2201,67.5,66,0,1.83,clear sky
3,Byron Bay,AU,-28.65,153.6167,77.7,75,33,9.35,scattered clouds
4,Punta Arenas,CL,-53.15,-70.9167,42.91,56,75,4.61,broken clouds
5,Ushuaia,AR,-54.8,-68.3,38.86,70,75,18.41,broken clouds
6,East London,ZA,-33.0153,27.9116,66.18,86,100,19.33,light rain
7,Georgetown,MY,5.4112,100.3354,82.33,90,20,1.01,few clouds
8,Elko,US,41.0002,-115.5012,36.64,46,0,7.0,clear sky
9,Saldanha,ZA,-33.0117,17.9442,60.84,83,0,13.47,clear sky
10,Srednekolymsk,RU,67.45,153.6833,-29.11,99,81,5.01,broken clouds
11,Mataura,NZ,-46.1927,168.8643,63.0,45,83,5.39,broken clouds
12,Igarka,RU,67.4667,86.5833,9.7,92,100,23.53,light snow
13,Bismil,TR,37.8486,40.6658,40.73,70,0,1.34,clear sky
14,Atuona,PF,-9.8,-139.0333,77.29,77,100,8.66,light rain
15,Lagoa,PT,39.05,-27.9833,64.94,85,62,21.05,broken clouds
16,Jamestown,US,42.097,-79.2353,31.71,68,97,5.01,overcast clouds
17,Coihaique,CL,-45.5752,-72.0662,45.45,85,96,5.59,overcast clouds
18,Villanueva,HN,15.3167,-88.0,74.39,83,20,3.44,few clouds
19,Yellowknife,CA,62.456,-114.3525,-4.45,75,40,4.0,scattered clouds
20,Dali,CN,25.7,100.1833,52.74,80,35,1.48,scattered clouds
21,Saskylakh,RU,71.9167,114.0833,-25.06,98,13,8.39,few clouds
22,Hermanus,ZA,-34.4187,19.2345,53.8,78,19,9.93,few clouds
23,El Pinon,CO,10.4028,-74.8242,80.74,91,100,5.12,overcast clouds
24,Bethel,US,41.3712,-73.414,39.04,60,73,1.01,broken clouds
25,Makinsk,KZ,52.6292,70.4169,23.79,90,95,17.81,overcast clouds
26,Faanui,PF,-16.4833,-151.75,81.28,73,100,7.18,light rain
27,Busselton,AU,-33.65,115.3333,68.13,43,0,0.22,clear sky
28,Thompson,CA,55.7435,-97.8558,-3.84,77,75,3.44,broken clouds
29,Dalvik,IS,65.9702,-18.5286,42.73,79,58,16.35,broken clouds
30,Noumea,NC,-22.2763,166.4572,89.58,78,100,11.1,light rain
31,San Patricio,US,28.017,-97.5169,67.84,48,100,7.83,overcast clouds
32,San Rafael,AR,-34.6177,-68.3301,72.91,26,0,7.61,clear sky
33,Avarua,CK,-21.2078,-159.775,78.85,69,90,9.22,overcast clouds
34,Najran,SA,17.4924,44.1277,59.65,34,23,1.34,few clouds
35,Esperance,AU,-33.8667,121.9,60.64,71,100,16.91,overcast clouds
36,Marrakesh,MA,31.6315,-8.0083,59.07,67,75,8.05,broken clouds
37,Westlock,CA,54.1502,-113.8688,43.16,73,100,11.86,overcast clouds
38,Hobart,AU,-42.8794,147.3294,72.27,54,75,4.0,broken clouds
39,Vostok,RU,46.4856,135.8833,10.18,90,100,14.52,light snow
40,Tanout,NE,14.9709,8.8879,76.01,19,0,9.42,clear sky
41,Kapaa,US,22.0752,-159.319,80.58,75,10,1.99,clear sky
42,Ixtapa,MX,20.7,-105.2,77.23,81,28,2.51,scattered clouds
43,Tabatinga,BR,-4.2525,-69.9381,75.29,100,75,2.3,broken clouds
44,Bonfim,BR,3.0833,-59.95,77.52,81,89,4.21,overcast clouds
45,Itarema,BR,-2.9248,-39.9167,80.33,82,100,15.05,overcast clouds
46,Shenjiamen,CN,29.9576,122.298,47.17,48,8,18.88,clear sky
47,Freeport,US,40.6576,-73.5832,41.02,52,87,3.0,overcast clouds
48,Okhotsk,RU,59.3833,143.3,6.15,90,42,12.17,scattered clouds
49,Yantai,CN,37.5333,121.4,42.6,44,43,20.09,scattered clouds
50,Omsukchan,RU,62.5333,155.8,-13.41,93,23,2.39,few clouds
51,Sumbe,AO,-11.2061,13.8437,76.42,87,99,5.1,overcast clouds
52,Carlos Antonio Lopez,PY,-26.4,-54.7667,71.24,63,68,1.92,broken clouds
53,Payyannur,IN,12.1,75.2,76.69,90,99,3.65,overcast clouds
54,Bilma,NE,18.6853,12.9164,72.55,23,0,8.88,clear sky
55,Ostrovnoy,RU,68.0531,39.5131,27.55,84,74,8.32,broken clouds
56,Rikitea,PF,-23.1203,-134.9692,75.81,72,0,10.65,clear sky
57,Butaritari,KI,3.0707,172.7902,81.95,77,22,11.56,light rain
58,Yenagoa,NG,4.9247,6.2642,75.63,93,56,3.8,broken clouds
59,Muros,ES,42.7762,-9.0603,51.84,81,50,18.81,scattered clouds
60,Chuy,UY,-33.6971,-53.4616,66.36,63,12,17.45,few clouds
61,Barrow,US,71.2906,-156.7887,-8.93,98,67,4.21,broken clouds
62,Qaanaaq,GL,77.484,-69.3632,-6.36,85,98,5.3,overcast clouds
63,Olafsvik,IS,64.8945,-23.7142,40.62,62,58,19.64,broken clouds
64,Susanville,US,40.4163,-120.653,35.82,57,0,3.47,clear sky
65,Pevek,RU,69.7008,170.3133,-19.14,97,19,2.89,few clouds
66,Udachnyy,RU,66.4167,112.4,-35.23,100,87,6.06,overcast clouds
67,Cesvaine,LV,56.9667,26.3167,28.4,69,100,8.88,overcast clouds
68,Werdau,DE,50.7333,12.3833,32.9,93,8,3.98,clear sky
69,Severo-Kurilsk,RU,50.6789,156.125,37.71,82,95,15.01,overcast clouds
70,Kavieng,PG,-2.5744,150.7967,84.4,76,51,12.91,light rain
71,Mar Del Plata,AR,-38.0023,-57.5575,58.08,69,20,3.0,few clouds
72,Vaini,TO,-21.2,-175.2,84.36,79,20,9.22,few clouds
73,Opotiki,NZ,-38.0833,177.2833,74.39,57,90,4.52,overcast clouds
74,Castro,BR,-24.7911,-50.0119,62.24,60,5,2.51,clear sky
75,Albany,US,42.6001,-73.9662,33.75,72,13,8.48,few clouds
76,Khandyga,RU,62.6667,135.6,-21.69,91,100,2.08,overcast clouds
77,San Cristobal,VE,7.7669,-72.225,69.98,98,55,1.66,broken clouds
78,Torbay,CA,47.6666,-52.7314,39.27,87,20,10.36,few clouds
79,Ribeira Grande,PT,38.5167,-28.7,65.89,85,27,19.6,scattered clouds
80,Hithadhoo,MV,-0.6,73.0833,81.41,78,100,18.1,moderate rain
81,Khanpur,PK,28.6453,70.6567,63.27,14,0,8.61,clear sky
82,Floro,NO,61.5996,5.0328,42.96,100,90,5.75,overcast clouds
83,New Norfolk,AU,-42.7826,147.0587,75.65,32,100,2.62,overcast clouds
84,Santa Marta,CO,11.2408,-74.199,79.16,84,100,11.5,overcast clouds
85,Port Alfred,ZA,-33.5906,26.891,65.52,84,100,22.44,light rain
86,Umea,SE,63.8284,20.2597,22.93,93,40,11.5,scattered clouds
87,Bredasdorp,ZA,-34.5322,20.0403,53.28,76,44,6.33,scattered clouds
88,Savelugu,GH,9.6244,-0.8253,79.41,23,4,0.76,clear sky
89,Fortuna,US,40.5982,-124.1573,51.98,70,1,0.0,clear sky
90,Kemin,KG,42.7846,75.6892,34.57,57,9,7.09,clear sky
91,Bereda,ES,43.2686,-7.5406,49.01,100,88,9.86,overcast clouds
92,Port Elizabeth,ZA,-33.918,25.5701,62.1,83,100,18.81,overcast clouds
93,Daura,NG,11.5538,11.4085,73.45,24,10,7.29,clear sky
94,Veraval,IN,20.9,70.3667,78.94,79,100,6.53,overcast clouds
95,Roald,NO,62.5833,6.1333,43.09,93,75,16.11,broken clouds
96,Lincoln,US,40.8,-96.667,41.9,62,9,1.99,clear sky
97,Rio Tercero,AR,-32.173,-64.1141,73.8,37,16,6.26,few clouds
98,Yar-Sale,RU,66.8333,70.8333,14.99,96,100,6.31,light snow
99,Acapulco,MX,16.8634,-99.8901,78.98,82,0,5.3,clear sky
100,Dikson,RU,73.5069,80.5464,-11.54,94,100,17.74,overcast clouds
101,Vicksburg,US,32.3526,-90.8779,48.56,87,1,0.0,clear sky
102,Saint-Philippe,RE,-21.3585,55.7679,72.95,75,24,8.39,few clouds
103,Neiafu,TO,-18.65,-173.9833,80.53,72,44,10.2,scattered clouds
104,Hede,CN,33.7681,120.2517,41.58,28,0,8.61,clear sky
105,Ossora,RU,59.2353,163.0719,22.23,95,100,15.46,snow
106,Tongren,CN,27.7172,109.1853,50.97,55,88,1.72,overcast clouds
107,Khatanga,RU,71.9667,102.5,-3.62,79,97,22.19,overcast clouds
108,Kuznechnoye,RU,61.12,29.8686,25.68,72,100,5.12,overcast clouds
109,Isangel,VU,-19.55,169.2667,86.11,74,75,9.22,broken clouds
110,Rocha,UY,-34.4833,-54.3333,62.64,69,9,17.78,clear sky
111,Turukhansk,RU,65.8167,87.9833,13.8,92,100,20.54,light snow
112,Chai Badan,TH,15.2,101.1333,80.89,74,86,17.56,overcast clouds
113,Provideniya,RU,64.3833,-173.3,10.51,61,40,17.9,scattered clouds
114,San Luis,AR,-33.295,-66.3356,72.46,28,0,16.96,clear sky
115,Saint-Georges,GD,12.0564,-61.7485,78.96,82,91,9.84,overcast clouds
116,Batagay-Alyta,RU,67.8006,130.4114,-26.45,98,30,3.71,scattered clouds
117,Terney,RU,45.0503,136.6092,21.76,70,98,16.35,overcast clouds
118,Qaqortoq,GL,60.7167,-46.0333,23.5,84,4,3.78,clear sky
119,Bangsund,NO,64.3968,11.3949,42.91,95,100,10.6,light rain
120,Tiksi,RU,71.6872,128.8694,-22.18,97,53,7.92,broken clouds
121,Udalguri,IN,26.7667,92.1333,64.72,71,91,5.79,overcast clouds
122,Norman Wells,CA,65.282,-126.8329,-18.36,69,75,5.75,light snow
123,Tasiilaq,GL,65.6145,-37.6368,14.58,60,94,9.15,overcast clouds
124,Flinders,AU,-34.5833,150.8552,74.17,70,100,4.0,overcast clouds
125,Saint George,US,37.1041,-113.5841,55.99,30,1,4.61,clear sky
126,Hamilton,US,39.1834,-84.5333,32.36,67,0,5.75,clear sky
127,Esqueda,MX,30.7167,-109.5833,58.46,34,100,4.52,overcast clouds
128,Santa Catarina De Tepehuanes,MX,25.35,-105.7333,56.5,67,94,3.98,overcast clouds
129,Hobyo,SO,5.3505,48.5268,78.57,72,75,8.63,broken clouds
130,Awjilah,LY,29.1081,21.2869,61.66,48,100,9.35,overcast clouds
131,Whitehorse,CA,60.7161,-135.0538,5.77,77,90,1.99,light snow
132,Port Blair,IN,11.6667,92.75,82.94,78,59,8.79,light rain
133,Puerto Ayora,EC,-0.7393,-90.3518,68.38,75,35,8.34,scattered clouds
134,Sitka,US,57.0531,-135.33,37.29,81,90,6.91,moderate rain
135,Nelson Bay,AU,-32.7167,152.15,73.76,89,97,3.0,overcast clouds
136,Tayga,RU,56.06,85.6197,29.34,86,100,14.61,overcast clouds
137,Nanortalik,GL,60.1432,-45.2371,21.99,76,5,15.73,clear sky
138,Carnarvon,AU,-24.8667,113.6333,77.07,38,0,16.11,clear sky
139,Ponta Do Sol,PT,32.6667,-17.1,67.71,71,98,6.51,overcast clouds
140,Longyearbyen,SJ,78.2186,15.6401,3.04,72,20,10.36,few clouds
141,Luanshya,ZM,-13.1367,28.4166,50.56,95,81,1.88,light rain
142,Bodaybo,RU,57.8506,114.1933,-15.05,94,20,1.72,few clouds
143,Elektrogorsk,RU,55.8794,38.7919,22.75,94,18,5.61,few clouds
144,Ahipara,NZ,-35.1667,173.1667,68.29,64,16,11.72,few clouds
145,Sala Consilina,IT,40.3912,15.5989,51.3,84,63,2.3,broken clouds
146,Vila Velha,BR,-20.3297,-40.2925,69.94,88,89,1.01,overcast clouds
147,Buraydah,SA,26.326,43.975,57.63,75,3,8.84,clear sky
148,Evensk,RU,61.95,159.2333,11.28,83,98,9.84,overcast clouds
149,Yarada,IN,17.65,83.2667,77.32,100,75,2.3,mist
150,Airai,TL,-8.9266,125.4092,75.56,55,92,1.39,overcast clouds
151,Grand Gaube,MU,-20.0064,57.6608,73.38,72,0,10.0,clear sky
152,Wembley,AU,-31.9333,115.8,71.06,52,20,4.61,few clouds
153,Nikolskoye,RU,59.7035,30.7861,26.8,94,100,5.01,overcast clouds
154,Sinnamary,GF,5.3833,-52.95,78.13,87,67,7.83,broken clouds
155,Cheyenne,US,41.14,-104.8203,48.52,33,75,9.22,broken clouds
156,Neryungri,RU,56.6709,124.6491,-11.43,87,100,6.31,overcast clouds
157,Norsup,VU,-16.0667,167.3833,85.03,70,99,7.14,overcast clouds
158,Nouadhibou,MR,20.931,-17.0347,70.18,76,1,11.86,clear sky
159,Redmond,US,47.674,-122.1215,47.77,90,100,3.0,overcast clouds
160,Yeppoon,AU,-23.1333,150.7333,78.58,69,45,13.2,scattered clouds
161,Padang,ID,-0.9492,100.3543,82.45,70,100,0.67,overcast clouds
162,Taltal,CL,-25.4,-70.4833,59.99,83,83,2.04,broken clouds
163,Garoua,CM,9.3,13.4,76.32,29,4,3.42,clear sky
164,Bilibino,RU,68.0546,166.4372,-21.42,92,4,3.74,clear sky
165,Luderitz,NA,-26.6481,15.1594,59.58,86,5,13.02,clear sky
166,Iqaluit,CA,63.7506,-68.5145,27.7,68,100,17.0,overcast clouds
167,Port Hardy,CA,50.6996,-127.4199,42.98,100,90,2.3,light rain
168,Birzai,LT,56.2,24.75,29.32,67,90,10.74,overcast clouds
169,Chepareria,KE,1.3077,35.2039,60.17,56,100,5.23,overcast clouds
170,Cherskiy,RU,68.75,161.3,-32.39,100,15,2.21,few clouds
171,Cape Town,ZA,-33.9258,18.4232,63.1,66,0,24.16,clear sky
172,Tabou,CI,4.423,-7.3528,78.42,83,5,4.12,clear sky
173,Meybod,IR,32.2501,54.0166,55.17,78,2,0.6,clear sky
174,Apastovo,RU,55.2029,48.5109,23.31,90,100,14.79,overcast clouds
175,Cockburn Town,TC,21.4612,-71.1419,81.03,76,4,12.17,clear sky
176,Diego De Almagro,CL,-26.3667,-70.05,64.42,34,99,2.35,overcast clouds
177,Hilo,US,19.7297,-155.09,84.27,92,90,6.91,light rain
178,Nanyamba,TZ,-10.6833,39.8333,67.42,97,60,2.77,broken clouds
179,Mikuni,JP,36.2171,136.1519,51.24,64,100,24.14,light rain
180,Sao Joao Da Barra,BR,-21.6403,-41.0511,69.15,70,48,4.76,scattered clouds
181,Lorengau,PG,-2.0226,147.2712,82.15,79,100,11.01,overcast clouds
182,Kaitangata,NZ,-46.2817,169.8464,57.85,56,64,6.49,broken clouds
183,Eshowe,ZA,-28.8865,31.4699,63.25,94,100,4.27,light rain
184,Tuktoyaktuk,CA,69.4541,-133.0374,-7.6,77,40,6.91,scattered clouds
185,Arroyo,ES,41.6096,-4.7969,41.72,90,90,1.01,overcast clouds
186,Waingapu,ID,-9.6567,120.2641,86.81,60,98,5.21,overcast clouds
187,Demmin,DE,53.9076,13.0314,47.03,91,96,12.88,overcast clouds
188,Palu,ID,-0.8917,119.8707,90.09,59,17,2.13,few clouds
189,Pochutla,MX,15.7432,-96.4661,79.65,87,97,3.89,overcast clouds
190,Ancud,CL,-41.8697,-73.8203,53.13,89,5,6.31,clear sky
191,Athabasca,CA,54.7169,-113.2854,30.02,89,98,5.88,overcast clouds
192,Oranjemund,NA,-28.55,16.4333,62.85,83,100,8.68,overcast clouds
193,Kahului,US,20.8947,-156.47,79.86,93,43,12.73,scattered clouds
194,Kombissiri,BF,12.0656,-1.3375,74.39,22,4,5.99,clear sky
195,Kikwit,CD,-5.041,18.8162,68.92,96,100,1.66,overcast clouds
196,Abohar,IN,30.15,74.1833,59.92,22,0,3.56,clear sky
197,Comodoro Rivadavia,AR,-45.8667,-67.5,53.74,47,97,16.78,overcast clouds
198,Iquique,CL,-20.2208,-70.1431,63.93,72,96,1.41,overcast clouds
199,Cabo San Lucas,MX,22.8909,-109.9124,76.51,74,25,3.0,scattered clouds
200,Rutana,BI,-3.8667,30.1,56.64,89,79,2.71,light rain
201,Meulaboh,ID,4.1363,96.1285,76.93,87,100,3.06,overcast clouds
202,Molina,CL,-35.1167,-71.2833,66.74,28,0,5.01,clear sky
203,Lebu,CL,-37.6167,-73.65,54.93,84,0,20.31,clear sky
204,Quatre Cocos,MU,-20.2078,57.7625,73.09,72,0,7.16,clear sky
205,Hasaki,JP,35.7333,140.8333,59.4,71,100,16.62,overcast clouds
206,Bluff,NZ,-46.6,168.3333,55.6,68,45,12.28,scattered clouds
207,Kaeo,NZ,-35.1,173.7833,75.33,67,92,3.49,overcast clouds
208,Buala,SB,-8.145,159.5921,84.72,74,64,11.54,moderate rain
209,Takoradi,GH,4.8845,-1.7554,78.96,83,31,2.59,light rain
210,Maine-Soroa,NE,13.2114,12.0241,76.23,23,0,9.46,clear sky
211,Broome,US,42.2506,-75.833,31.62,69,1,1.99,clear sky
212,Inirida,CO,3.8653,-67.9239,73.63,97,95,1.77,moderate rain
213,Ushtobe,KZ,45.2514,77.9838,34.39,78,100,3.8,overcast clouds
214,Taft,IR,31.7471,54.2088,55.22,64,33,3.96,scattered clouds
215,Belaya Gora,RU,68.5333,146.4167,-17.59,99,100,4.38,overcast clouds
216,Lavrentiya,RU,65.5833,-171.0,-1.37,92,10,9.62,clear sky
217,Beyneu,KZ,45.3167,55.2,42.21,79,16,7.78,few clouds
218,Ginda,IN,30.6945,78.4932,47.7,21,0,7.58,clear sky
219,Bainbridge,US,47.6262,-122.5212,47.77,88,90,7.0,overcast clouds
220,Taoudenni,ML,22.6783,-3.9836,79.29,35,100,7.65,overcast clouds
221,Chokurdakh,RU,70.6333,147.9167,-14.89,100,100,4.76,overcast clouds
222,Nautla,MX,20.2167,-96.7833,73.99,86,61,10.96,broken clouds
223,Sandpoint,US,48.2766,-116.5533,36.34,94,90,0.0,mist
224,Porto Novo,BJ,6.4965,2.6036,79.11,85,35,2.86,light rain
225,Buin,CL,-33.7333,-70.75,77.74,43,0,2.15,clear sky
226,Kirakira,SB,-10.4544,161.9205,84.49,73,77,7.96,broken clouds
227,Clyde River,CA,70.4692,-68.5914,14.23,92,100,21.85,light snow
228,Lafia,NG,8.4833,8.5167,77.45,49,100,2.57,overcast clouds
229,Victor Harbor,AU,-35.5667,138.6167,70.72,77,100,2.66,light rain
230,Talnakh,RU,69.4865,88.3972,5.99,91,100,8.57,overcast clouds
231,Den Helder,NL,52.9599,4.7593,49.98,88,75,8.99,broken clouds
232,Sorland,NO,67.667,12.6934,41.18,66,100,27.51,overcast clouds
233,Natal,BR,-5.795,-35.2094,79.45,83,75,4.61,broken clouds
234,Bambous Virieux,MU,-20.3428,57.7575,73.22,94,40,3.44,scattered clouds
235,Ternate,ID,0.8,127.4,84.38,73,75,5.37,broken clouds
236,Beloha,MG,-25.1667,45.05,65.73,98,56,6.76,broken clouds
237,Carndonagh,IE,55.25,-7.2667,46.56,81,100,5.7,overcast clouds
238,Akyab,MM,20.15,92.9,76.66,68,8,6.46,clear sky
239,Mount Gambier,AU,-37.8333,140.7667,66.09,78,100,10.6,overcast clouds
240,Novopokrovka,UA,49.8425,36.5477,32.38,67,100,5.64,overcast clouds
241,Constitucion,CL,-35.3333,-72.4167,61.52,62,0,11.74,clear sky
242,Masuda,JP,34.6667,131.85,51.53,65,100,19.46,overcast clouds
243,Birao,CF,10.2849,22.7882,69.48,25,100,7.43,overcast clouds
244,Maun,BW,-19.9833,23.4167,67.57,86,100,5.03,overcast clouds
245,Afzalpur,IN,17.2,76.35,75.4,85,86,6.49,overcast clouds
246,Tuatapere,NZ,-46.1333,167.6833,58.3,60,53,7.49,broken clouds
247,Chapais,CA,49.7834,-74.8492,11.98,89,100,12.28,overcast clouds
248,Nadvoitsy,RU,63.8667,34.3167,15.53,80,48,8.41,scattered clouds
249,Ketchikan,US,55.3422,-131.6461,38.75,77,98,9.13,light rain
250,Kruisfontein,ZA,-34.0033,24.7314,59.88,88,100,12.53,light rain
251,Te Anau,NZ,-45.4167,167.7167,61.63,48,4,3.56,clear sky
252,Mahebourg,MU,-20.4081,57.7,73.26,94,40,3.44,scattered clouds
253,Iralaya,HN,15.0,-83.2333,76.53,81,45,8.72,scattered clouds
254,Saint Anthony,US,45.0205,-93.218,31.14,54,57,1.01,broken clouds
255,Marawi,PH,7.9986,124.2928,75.65,77,100,2.84,light rain
256,Bengkulu,ID,-3.8004,102.2655,79.74,76,99,1.68,overcast clouds
257,Chimore,BO,-16.9833,-65.1333,79.32,72,100,2.19,overcast clouds
258,Ishigaki,JP,24.3448,124.1572,69.64,73,100,24.65,overcast clouds
259,Axim,GH,4.8699,-2.2405,78.57,83,44,1.36,light rain
260,Naze,JP,28.3667,129.4833,60.44,64,80,14.18,broken clouds
261,Port Keats,AU,-14.25,129.55,91.74,58,100,9.64,overcast clouds
262,Ilulissat,GL,69.2167,-51.1,15.82,73,20,11.5,few clouds
263,Farafenni,GM,13.5667,-15.6,78.53,29,97,3.33,overcast clouds
264,Ponta Pora,BR,-22.5361,-55.7256,69.69,51,82,4.9,broken clouds
265,Ingham,US,42.6,-84.3833,28.17,71,1,3.44,clear sky
266,Lompoc,US,34.6391,-120.4579,72.12,75,89,11.01,overcast clouds
267,Khani,GE,41.9563,42.9566,29.77,58,5,5.79,clear sky
268,Pacific Grove,US,36.6177,-121.9166,64.8,33,1,1.01,clear sky
269,Martapura,ID,-3.4167,114.85,86.09,74,20,6.91,few clouds
270,Alofi,NU,-19.0595,-169.9187,79.23,74,98,9.86,overcast clouds
271,Kodiak,US,57.79,-152.4072,18.91,49,1,11.5,clear sky
272,Verkh-Chebula,RU,56.0308,87.6218,27.63,81,93,17.36,overcast clouds
273,Ozernovskiy,RU,51.5,156.5167,39.09,65,100,5.26,overcast clouds
274,Cidreira,BR,-30.1811,-50.2056,70.11,78,0,12.62,clear sky
275,Clonakilty,IE,51.6231,-8.8706,36.61,79,2,5.35,clear sky
276,Darhan,MN,49.4867,105.9228,9.75,80,21,2.71,few clouds
277,Virginia Beach,US,36.8529,-75.978,51.03,69,98,5.99,overcast clouds
278,Arlit,NE,18.7369,7.3853,72.0,20,0,3.2,clear sky
279,Locri,IT,38.2414,16.2623,61.16,73,6,4.5,clear sky
280,Namibe,AO,-15.1961,12.1522,68.92,77,31,4.23,scattered clouds
281,Brewster,US,41.3973,-73.6171,39.29,63,1,0.0,clear sky
282,Karanja,IN,20.4833,77.4833,75.49,73,82,6.53,broken clouds
283,Chalmette,US,29.9427,-89.9634,62.6,61,1,1.99,clear sky
284,Katsuura,JP,35.1333,140.3,64.18,80,96,14.83,overcast clouds
285,Toora-Khem,RU,52.4675,96.11,9.59,93,100,3.44,light snow
286,Synya,RU,65.3718,58.0387,2.91,96,100,5.64,overcast clouds
287,Haines Junction,CA,60.7522,-137.5108,1.56,99,100,2.15,overcast clouds
288,Bubaque,GW,11.2833,-15.8333,82.35,78,5,11.21,clear sky
289,Teguise,ES,29.0605,-13.564,62.82,77,0,1.14,clear sky
290,Paita,PE,-5.0892,-81.1144,64.85,84,24,7.52,few clouds
291,Praia,CV,14.9215,-23.5087,77.54,73,20,16.11,few clouds
292,Amga,RU,60.8953,131.9608,-14.62,88,100,2.66,overcast clouds
293,Derzhavinsk,KZ,51.1,66.3167,28.71,90,81,16.58,broken clouds
294,Springbok,ZA,-29.6643,17.8865,52.48,92,51,3.13,broken clouds
295,Camacha,PT,33.0833,-16.3333,63.82,82,20,9.22,few clouds
296,Victoria,HK,22.2855,114.1577,62.26,78,100,4.0,overcast clouds
297,Sabang,ID,5.8933,95.3214,82.04,71,88,9.1,overcast clouds
298,Calderitas,MX,18.55,-88.25,77.32,77,55,5.44,broken clouds
299,Grand-Santi,GF,4.25,-54.3833,72.12,99,56,2.39,broken clouds
300,Sorong,ID,-0.8833,131.25,83.32,72,37,3.33,scattered clouds
301,Kaspiysk,RU,42.8816,47.6392,33.98,86,0,6.71,clear sky
302,Waipawa,NZ,-41.4122,175.5153,62.29,64,85,6.38,overcast clouds
303,Berezovyy,RU,51.6667,135.7,27.68,96,100,19.01,snow
304,Kiszombor,HU,46.1833,20.4333,43.29,84,100,10.18,overcast clouds
305,Lagos,NG,6.5833,3.75,77.49,92,75,2.51,broken clouds
306,Broken Hill,AU,-31.95,141.4333,79.16,40,100,10.33,light rain
307,Batken,KG,39.8333,71.0,27.63,46,0,10.04,clear sky
308,Verkhoyansk,RU,67.5447,133.385,-29.33,100,81,1.63,broken clouds
309,Plettenberg Bay,ZA,-34.0527,23.3716,60.78,83,99,8.21,light rain
310,Paka,MY,4.6374,103.4368,82.8,78,100,2.82,overcast clouds
311,Wanning,CN,18.8003,110.3967,69.91,79,88,16.28,overcast clouds
312,Ledyard,US,41.4398,-72.0142,40.5,52,1,5.99,clear sky
313,Dakoro,NE,14.5106,6.765,77.32,19,0,8.19,clear sky
314,Port Macquarie,AU,-31.4333,152.9167,75.88,78,55,4.36,broken clouds
315,Santo Domingo,DO,18.5001,-69.9886,73.08,87,16,0.96,few clouds
316,Petropavlovsk-Kamchatskiy,RU,53.0452,158.6483,34.39,51,0,6.71,clear sky
317,Sao Gabriel Da Cachoeira,BR,-0.1303,-67.0892,73.17,98,99,0.72,overcast clouds
318,Skibbereen,IE,51.55,-9.2667,37.2,77,2,4.65,clear sky
319,Salalah,OM,17.0151,54.0924,82.49,16,0,10.36,clear sky
320,Cayhagan,PH,9.6697,122.4256,84.56,72,100,11.56,overcast clouds
321,Tazovskiy,RU,67.4667,78.7,14.29,93,100,16.46,light snow
322,Port-Gentil,GA,-0.7193,8.7815,79.36,86,97,7.54,light rain
323,Gryazovets,RU,58.88,40.2525,15.15,89,12,9.6,few clouds
324,Vallenar,CL,-28.5708,-70.7581,64.94,53,56,2.19,broken clouds
325,Pindiga,NG,9.9833,10.9333,73.56,26,8,6.04,clear sky
326,Ahuimanu,US,21.4447,-157.8378,82.11,74,90,12.66,mist
327,Wuda,CN,39.4994,106.7117,32.92,24,0,8.52,clear sky
328,Ponta Delgada,PT,37.7333,-25.6667,68.5,88,40,14.97,scattered clouds
329,Zhigansk,RU,66.7697,123.3711,-21.17,96,100,8.16,overcast clouds
330,Arraial Do Cabo,BR,-22.9661,-42.0278,70.03,72,10,15.7,clear sky
331,Shimanovsk,RU,52.0,127.7,20.03,90,100,18.19,snow
332,Muyezerskiy,RU,63.9333,31.65,13.03,86,15,4.52,few clouds
333,Sechura,PE,-5.5569,-80.8222,67.28,73,53,10.65,broken clouds
334,Rosario,AR,-32.9468,-60.6393,79.84,38,0,4.0,clear sky
335,Kidodi,TZ,-7.6036,37.0044,68.81,83,45,3.38,scattered clouds
336,Upernavik,GL,72.7868,-56.1549,2.53,88,7,6.24,clear sky
337,Puerto Suarez,BO,-18.95,-57.8,81.03,68,99,2.51,overcast clouds
338,Sivaki,RU,52.6333,126.75,16.02,80,100,18.63,light snow
339,Cayenne,GF,4.9333,-52.3333,81.09,86,40,1.01,scattered clouds
340,Mabaruma,GY,8.2,-59.7833,73.54,98,79,2.53,broken clouds
341,Port Hedland,AU,-20.3167,118.5667,89.65,45,44,9.22,scattered clouds
342,Krasnyy Chikoy,RU,50.3643,108.7512,7.2,78,22,1.74,few clouds
343,Kerouane,GN,9.2667,-9.0167,70.12,46,0,3.11,clear sky
344,Lebyazhye,RU,55.2689,66.4947,21.67,90,99,12.64,overcast clouds
345,Santa Marinella,IT,42.0345,11.8536,57.94,94,100,11.77,overcast clouds
346,Rawson,AR,-43.3002,-65.1023,51.17,55,90,12.44,overcast clouds
347,Nedjo,ET,9.5046,35.5019,56.97,61,74,3.29,broken clouds
348,Oistins,BB,13.0667,-59.5333,78.89,78,40,11.5,scattered clouds
349,Dwarka,IN,22.2394,68.9678,77.86,54,8,7.96,clear sky
350,Damara,CF,4.9608,18.7035,71.94,72,100,0.27,overcast clouds
351,Gat,IL,31.61,34.7642,58.82,62,0,3.62,clear sky
352,Kitaibaraki,JP,36.7833,140.75,57.15,53,89,4.68,overcast clouds
353,Beringovskiy,RU,63.05,179.3167,-1.91,98,94,13.44,overcast clouds
354,Flin Flon,CA,54.7682,-101.865,15.33,92,100,10.47,light snow
355,Bathsheba,BB,13.2167,-59.5167,79.41,78,40,11.5,scattered clouds
356,Sedona,US,34.8697,-111.761,58.82,33,1,1.01,clear sky
357,Yanliang,CN,34.6592,109.2292,42.15,29,0,7.25,clear sky
358,Pyapon,MM,16.2833,95.6833,80.55,68,13,4.16,few clouds
359,Lixourion,GR,38.2019,20.4314,61.56,84,100,11.14,overcast clouds
360,Antofagasta,CL,-23.65,-70.4,61.79,73,97,1.79,overcast clouds
361,Ambilobe,MG,-13.2,49.05,72.9,86,75,3.85,broken clouds
362,Acaponeta,MX,22.4964,-105.3594,73.49,71,73,1.97,broken clouds
363,Gwadar,PK,25.1216,62.3254,74.75,28,48,7.58,scattered clouds
364,Imbituba,BR,-28.24,-48.6703,67.19,88,0,12.12,clear sky
365,Boyolali,ID,-7.5331,110.5958,77.34,81,99,2.77,overcast clouds
366,Hambantota,LK,6.1241,81.1185,75.54,100,100,2.3,overcast clouds
367,Tigil,RU,57.8,158.6667,18.25,87,5,2.51,clear sky
368,Nagato,JP,34.3833,131.2,51.69,61,100,20.96,overcast clouds
369,Saint-Pierre,RE,-21.3393,55.4781,73.04,60,0,6.91,clear sky
370,Yanam,IN,16.7333,82.2167,81.0,85,17,2.01,few clouds
371,Pak Phanang,TH,8.3511,100.202,84.07,84,100,10.38,overcast clouds
372,Mangan,IN,27.5167,88.5333,62.11,59,6,1.61,clear sky
373,Gazojak,TM,41.1875,61.4036,43.52,58,7,7.34,clear sky
374,Praia Da Vitoria,PT,38.7333,-27.0667,64.76,94,40,19.22,scattered clouds
375,Sri Aman,MY,1.2376,111.4621,77.72,93,100,1.23,light rain
376,Goderich,CA,43.7501,-81.7165,36.91,61,100,21.07,light rain
377,Fengrun,CN,39.8333,118.1167,33.75,23,0,6.17,clear sky
378,Tkibuli,GE,42.3477,42.9981,31.24,64,5,5.26,clear sky
379,Acajutla,SV,13.5928,-89.8275,79.38,73,99,4.23,overcast clouds
380,Ozu,JP,33.5,132.55,47.59,84,99,11.3,overcast clouds
381,Touros,BR,-5.1989,-35.4608,79.7,76,93,12.93,overcast clouds
382,Komsomolskiy,UZ,40.4272,71.7189,35.02,60,3,6.91,haze
383,Umm Lajj,SA,25.0213,37.2685,70.61,50,5,15.66,clear sky
384,Winnemucca,US,40.973,-117.7357,30.25,59,1,0.0,clear sky
385,Tsabong,BW,-26.0217,22.401,63.73,34,0,10.04,clear sky
386,Kabalo,CD,-6.05,26.9167,68.79,96,100,2.21,overcast clouds
387,Banda Aceh,ID,5.5577,95.3222,81.79,73,94,7.14,overcast clouds
388,Bitung,ID,1.4451,125.1824,86.85,69,88,9.28,overcast clouds
389,Kanalia,GR,39.5,22.8833,51.62,92,100,2.77,overcast clouds
390,Nortelandia,BR,-14.4547,-56.8028,74.19,94,99,3.89,overcast clouds
391,Algiers,DZ,36.7525,3.042,48.02,93,20,2.3,few clouds
392,Fiditi,NG,7.7136,3.9172,73.83,93,36,2.8,scattered clouds
393,Los Llanos De Aridane,ES,28.6585,-17.9182,64.15,82,0,5.99,clear sky
394,Nuuk,GL,64.1835,-51.7216,21.81,86,20,5.75,few clouds
395,Leua,SK,48.2156,18.6071,39.49,87,77,5.86,broken clouds
396,Tawang,IN,27.5833,91.8667,40.33,87,88,1.34,overcast clouds
397,Port-Cartier,CA,50.0334,-66.8654,37.74,74,100,13.15,overcast clouds
398,Konstantinovka,RU,49.6167,127.9833,16.56,92,100,20.54,light snow
399,Stornoway,GB,58.2093,-6.3865,44.92,94,75,1.01,broken clouds
400,Hay River,CA,60.8156,-115.7999,12.7,93,100,16.71,light snow
401,Altamont,US,42.2068,-121.7372,42.78,59,0,1.54,clear sky
402,Vardo,NO,70.3705,31.1107,29.35,49,100,20.09,overcast clouds
403,Boa Vista,BR,2.8197,-60.6733,78.78,89,90,4.61,overcast clouds
404,Hofn,IS,64.2539,-15.2082,43.68,79,100,7.45,overcast clouds
405,Chulym,RU,55.0997,80.9572,28.08,95,100,17.27,light snow
406,Dunmore East,IE,52.1514,-6.9861,40.21,75,19,7.74,few clouds
407,Parnarama,BR,-5.6817,-43.0933,77.45,70,94,1.05,overcast clouds
408,Sur,OM,22.5667,59.5289,75.33,50,83,10.07,broken clouds
409,Gazanjyk,TM,39.2446,55.5154,50.85,52,63,5.12,broken clouds
410,Tambaram,IN,12.9299,80.1118,80.35,94,75,0.0,mist
411,Dalian,CN,38.9122,121.6022,37.33,35,0,15.66,clear sky
412,Tumbes,PE,-3.5667,-80.4414,71.55,83,75,3.44,broken clouds
413,Vanavara,RU,60.34,102.2797,12.94,90,100,7.9,overcast clouds
414,Namatanai,PG,-3.6667,152.4333,83.43,73,92,9.62,light rain
415,Paysandu,UY,-32.3214,-58.0756,76.6,32,0,14.32,clear sky
416,Marystown,CA,47.1666,-55.1483,41.86,100,98,5.99,overcast clouds
417,La Ronge,CA,55.1001,-105.2842,20.93,88,100,13.42,overcast clouds
418,Zhangjiakou,CN,40.81,114.8794,25.02,38,0,6.64,clear sky
419,Jaipur,IN,26.9167,75.8167,52.92,58,0,2.3,haze
420,Andilamena,MG,-17.0167,48.5833,62.13,84,48,2.89,scattered clouds
421,Leningradskiy,RU,69.3833,178.4167,-15.74,91,32,4.5,scattered clouds
422,Bismarck,US,46.8083,-100.7837,37.87,68,1,5.01,clear sky
423,Kurikka,FI,62.6167,22.4167,29.66,85,99,6.22,overcast clouds
424,Faya,SA,18.3851,42.4509,52.32,70,13,1.97,few clouds
425,Saint Pete Beach,US,27.7253,-82.7412,70.18,75,100,1.99,overcast clouds
426,Zhongshu,CN,24.5167,103.7667,39.94,97,100,5.08,overcast clouds
427,Gaoual,GN,11.75,-13.2,73.4,49,2,2.33,clear sky
428,Tautira,PF,-17.7333,-149.15,84.22,78,76,12.37,light rain
429,Balakhninskiy,RU,58.0106,114.2769,-16.53,96,10,2.21,clear sky
430,Harper,LR,4.375,-7.7169,78.53,83,4,4.63,clear sky
431,Shakiso,ET,5.75,38.9167,53.04,72,84,4.09,broken clouds
432,Huarmey,PE,-10.0681,-78.1522,66.07,82,96,6.33,overcast clouds
433,Shimoda,JP,34.6667,138.95,61.11,54,1,26.57,clear sky
434,Adelaide,AU,-34.9333,138.6,74.05,68,100,5.75,light rain
435,Nantucket,US,41.2835,-70.0995,46.96,78,100,26.62,overcast clouds
436,Kaabong,UG,3.4836,34.1492,65.97,58,100,7.11,overcast clouds
437,Semnan,IR,35.5729,53.3971,46.13,78,0,2.44,clear sky
438,Dongsheng,CN,39.8161,109.9776,24.84,27,0,14.41,clear sky
439,Abu Samrah,SY,35.3029,37.1841,54.25,68,0,1.41,clear sky
440,Yalutorovsk,RU,56.6536,66.3006,18.46,90,31,12.03,scattered clouds
441,Okha,RU,53.5739,142.9478,33.75,83,100,31.5,overcast clouds
442,Healdsburg,US,38.6105,-122.8692,59.45,70,1,0.0,clear sky
443,Lambari,BR,-21.9756,-45.3503,63.16,82,31,3.4,scattered clouds
444,Kalmunai,LK,7.4167,81.8167,76.55,88,100,6.96,overcast clouds
445,Weimar,DE,50.9833,11.3167,33.37,92,9,4.14,clear sky
446,Richland,US,40.7834,-82.5499,29.46,77,1,3.0,clear sky
447,Hami,CN,42.8,93.45,26.73,52,95,3.71,overcast clouds
448,Promissao,BR,-21.5367,-49.8581,74.21,41,10,4.47,clear sky
449,Morro Bay,US,35.3658,-120.8499,69.33,49,69,6.04,broken clouds
450,Biak,ID,-0.9131,122.8766,84.42,69,70,2.15,broken clouds
451,Margate,GB,51.3813,1.3862,46.69,83,70,1.01,broken clouds
452,Klaksvik,FO,62.2266,-6.589,47.32,79,100,30.09,overcast clouds
453,Salta,AR,-24.7859,-65.4117,82.69,56,100,1.99,overcast clouds
454,Madang,PG,-5.2246,145.7966,86.49,63,22,6.58,few clouds
455,Henties Bay,NA,-22.116,14.2845,58.86,94,0,5.01,clear sky
456,Champerico,GT,14.3,-91.9167,81.28,75,100,4.07,overcast clouds
457,Sokolo,ML,14.7328,-6.1219,78.93,27,11,9.93,few clouds
458,Lugovoy,KZ,42.9472,72.7644,39.25,53,43,5.48,scattered clouds
459,Aswan,EG,24.0934,32.907,61.97,47,0,8.3,clear sky
460,Miami,US,25.7743,-80.1937,72.0,83,40,1.01,scattered clouds
461,Borogontsy,RU,62.6683,131.1683,-17.99,90,100,2.1,overcast clouds
462,Semme,FR,46.1963,1.5007,41.41,79,97,11.48,overcast clouds
463,Miri,MY,4.4148,114.0089,85.64,70,56,2.84,broken clouds
464,Quirinopolis,BR,-18.4483,-50.4517,76.19,78,91,3.51,overcast clouds
465,Devonport,AU,-41.1667,146.35,70.09,68,100,9.51,overcast clouds
466,Sembe,CG,1.6481,14.5806,70.36,91,37,0.67,scattered clouds
467,Safford,US,32.834,-109.7076,63.07,27,1,6.91,clear sky
468,Tak,TH,16.5833,98.8333,74.17,78,20,3.15,few clouds
469,Aksu,CN,41.1231,80.2644,26.56,57,0,1.34,clear sky
470,Yongan,CN,39.6957,113.6871,24.84,36,0,8.19,clear sky
471,Buncrana,IE,55.1333,-7.45,45.91,81,100,4.9,overcast clouds
472,Abbeville,FR,50.1,1.8333,37.49,91,1,6.11,clear sky
473,Kiama,AU,-34.6833,150.8667,74.37,70,100,3.0,overcast clouds
474,Haflong,IN,25.1833,93.0333,67.82,69,0,0.89,clear sky
475,Kendari,ID,-3.945,122.4989,87.57,64,10,2.53,clear sky
476,Saint-Augustin,CA,51.226,-58.6502,39.92,83,100,18.34,overcast clouds
477,Huazhou,CN,21.6333,110.5833,60.4,57,100,8.12,overcast clouds
478,Mirabad,AF,30.4362,61.8383,57.02,21,0,3.0,clear sky
479,Santa Elena,EC,-2.2333,-80.85,69.03,83,93,6.58,overcast clouds
480,Vredendal,ZA,-31.6683,18.5012,61.03,91,0,3.74,clear sky
481,Yagodnoye,RU,62.55,149.6667,-18.72,98,52,2.21,broken clouds
482,Srivardhan,IN,18.0333,73.0167,77.63,86,93,3.8,overcast clouds
483,Codrington,AU,-38.2667,141.9667,75.67,50,100,14.81,light rain
484,Ravar,IR,31.2656,56.8055,54.45,54,6,2.19,clear sky
485,Sao Filipe,CV,14.8961,-24.4956,80.98,59,1,9.95,clear sky
486,Vestmanna,FO,62.1564,-7.1664,45.52,93,90,23.02,mist
487,Mozarlandia,BR,-14.7447,-50.5706,76.91,86,100,3.02,overcast clouds
488,San Jeronimo,PE,-11.9472,-75.2829,52.72,77,100,3.89,overcast clouds
489,Burias,PH,11.4463,122.5497,82.96,82,23,9.44,few clouds
490,Kununurra,AU,-15.7667,128.7333,100.38,41,49,3.44,scattered clouds
491,Terra Santa,BR,-2.1042,-56.4869,74.59,93,91,1.36,overcast clouds
492,Zheleznodorozhnyy,RU,55.7503,38.0042,23.36,88,18,5.88,few clouds
493,Yulara,AU,-25.2406,130.9889,76.14,56,100,6.29,overcast clouds
494,Mporokoso,ZM,-9.3727,30.125,61.03,92,57,1.66,light rain
495,Muravlenko,RU,63.7898,74.523,15.75,95,100,9.17,light snow
496,Khilok,RU,51.3674,110.4676,7.77,72,10,1.59,clear sky
497,Svetlyy,RU,54.675,20.1347,37.45,88,90,19.19,overcast clouds
498,Peniche,PT,39.3558,-9.3811,53.56,66,2,17.38,clear sky
499,Salinopolis,BR,-0.6136,-47.3561,79.77,80,26,8.93,scattered clouds
500,Beckley,US,37.7782,-81.1882,31.59,64,1,1.99,clear sky
501,Odweyne,SO,9.4092,45.064,61.99,47,76,9.53,broken clouds
502,Erenhot,CN,43.6475,111.9767,19.09,57,16,8.48,few clouds
503,Lodwar,KE,3.1191,35.5973,79.16,48,100,0.45,overcast clouds
504,Liaozhong,CN,41.5061,122.7242,21.69,38,0,13.67,clear sky
505,Dunedin,NZ,-45.8742,170.5036,56.19,61,6,6.82,clear sky
506,Vila Franca Do Campo,PT,37.7167,-25.4333,68.2,89,87,14.45,overcast clouds
507,Shrewsbury,GB,52.7101,-2.7521,40.64,94,25,4.05,scattered clouds
508,Oakley,US,37.9974,-121.7124,62.94,77,0,1.01,clear sky
509,Radyvyliv,UA,50.1299,25.2558,33.6,82,89,4.85,overcast clouds
510,Santa Rita,BR,-7.1139,-34.9781,79.47,83,20,6.91,few clouds
511,Falavarjan,IR,32.5553,51.5097,33.01,67,4,2.91,clear sky
512,Pisco,PE,-13.7,-76.2167,66.25,82,90,12.66,overcast clouds
513,Arriana,GR,41.0833,25.7,58.35,99,100,3.13,light rain
514,Along,IN,28.1667,94.7667,63.27,67,99,0.31,overcast clouds
515,Cairo,EG,30.0626,31.2497,63.36,77,0,2.3,haze
516,Kaduqli,SD,11.0167,29.7167,70.14,25,58,9.51,broken clouds
517,Portland,US,45.5234,-122.6762,46.72,89,90,4.61,overcast clouds
518,Narsaq,GL,60.9167,-46.05,23.22,75,2,5.97,clear sky
519,Pelym,RU,61.0108,61.9978,15.76,96,100,4.7,overcast clouds
520,Khor,RU,47.8861,134.9464,18.7,94,100,13.62,light snow
521,Keizer,US,44.9901,-123.0262,48.18,92,90,1.99,overcast clouds
522,Collie,AU,-33.3667,116.15,68.18,39,0,5.03,clear sky
523,Nishihara,JP,26.1842,127.7558,67.28,64,75,18.41,broken clouds
524,Oktyabrskiy,RU,54.4815,53.471,20.37,88,98,15.14,overcast clouds
525,Walsall,GB,52.5853,-1.984,39.96,92,14,7.0,few clouds
526,Sretensk,RU,52.2453,117.7093,-1.25,86,25,3.49,scattered clouds
527,Ramon Castilla,PE,-4.2569,-69.9594,75.45,100,40,0.0,scattered clouds
528,Clarence Town,AU,-32.5833,151.7833,73.62,68,99,6.42,overcast clouds
529,Konce,MK,41.4958,22.385,44.69,87,100,2.48,overcast clouds
530,Pangnirtung,CA,66.1451,-65.7125,21.83,77,100,15.01,overcast clouds
531,Souillac,MU,-20.5167,57.5167,73.36,94,40,3.44,scattered clouds
532,Rio Cuarto,AR,-33.1307,-64.3499,70.66,34,0,5.88,clear sky
533,Namsos,NO,64.4662,11.4957,43.92,96,100,11.77,light rain
534,Careiro Da Varzea,BR,-3.2003,-59.8119,77.61,93,87,3.67,overcast clouds
535,Manhush,UA,47.0558,37.3107,45.54,53,100,2.84,overcast clouds
536,La Libertad,EC,-2.2333,-80.9,68.92,84,93,7.02,overcast clouds
537,Kamenka,RU,51.3223,42.7678,28.74,82,100,5.21,overcast clouds
538,Maralal,KE,1.0968,36.698,58.06,64,100,4.94,overcast clouds
539,Steamboat Springs,US,40.485,-106.8317,45.9,35,1,3.44,clear sky
540,Hatta,IN,24.1167,79.6,65.88,34,0,1.16,clear sky
541,Bure,ET,10.7,37.0667,54.19,72,67,4.61,broken clouds
542,Husavik,IS,66.0449,-17.3389,35.55,73,21,10.94,few clouds
543,Xuddur,SO,4.1213,43.8894,69.04,91,29,12.03,scattered clouds
544,Florida,US,28.7505,-82.5001,67.01,92,1,5.75,clear sky
545,Conde,BR,-7.2597,-34.9075,78.26,83,20,6.91,few clouds
546,Bethanien,NA,-26.502,17.1583,56.61,52,0,3.8,clear sky
547,Taraz,KZ,42.9,71.3667,48.27,56,65,8.95,broken clouds
548,Aykhal,RU,66.0,111.5,-29.4,100,89,6.6,overcast clouds
549,Bosanska Gradiska,BA,45.1411,17.25,43.05,95,100,2.33,overcast clouds
550,Natchez,US,31.5604,-91.4032,46.89,76,1,0.0,clear sky
551,Dekar,BW,-21.5333,21.9333,70.23,22,94,8.52,overcast clouds
552,Seoul,KR,37.5683,126.9778,33.31,42,55,13.65,broken clouds
553,Coquimbo,CL,-29.9533,-71.3436,58.73,82,90,6.91,overcast clouds
554,Port Augusta,AU,-32.5,137.7667,82.71,31,100,12.71,overcast clouds
555,Camacupa,AO,-12.0167,17.4833,62.01,94,100,1.59,overcast clouds
556,Upington,ZA,-28.4478,21.2561,64.24,56,3,12.41,clear sky
557,Salamiyah,SY,35.0113,37.0532,53.8,69,0,1.3,clear sky
558,Cravo Norte,CO,6.3017,-70.2041,78.19,77,17,4.45,few clouds
559,Aksarka,RU,66.5606,67.7975,14.11,95,100,11.83,light snow
560,Kyzyl-Suu,KG,42.3414,78.0056,30.69,45,8,8.79,clear sky
561,Puerto Penasco,MX,31.3167,-113.5333,74.91,40,100,4.0,overcast clouds
562,Vestmannaeyjar,IS,63.4427,-20.2734,41.94,84,100,15.64,moderate rain
563,Havoysund,NO,70.9963,24.6622,27.48,75,100,11.05,overcast clouds
564,Samarai,PG,-10.6167,150.6667,85.71,70,20,15.84,few clouds
565,Aquiraz,BR,-3.9014,-38.3911,82.49,82,99,12.03,overcast clouds
566,Puerto Escondido,MX,15.85,-97.0667,81.43,74,40,0.0,scattered clouds
567,Altamira,BR,-3.2033,-52.2064,74.03,91,15,0.87,few clouds
568,Dusetos,LT,55.75,25.85,27.46,57,100,7.9,overcast clouds
569,Baruun-Urt,MN,46.6806,113.2792,7.99,70,2,4.34,clear sky
570,Haimen,CN,23.1935,116.6142,59.61,63,100,11.05,overcast clouds
571,Halifax,CA,44.6453,-63.5724,55.29,95,100,8.99,light rain
572,Laguna,US,38.421,-121.4238,60.24,83,1,0.0,clear sky
573,Gamboma,CG,-1.8764,15.8644,70.77,92,36,1.34,light rain
574,Idrinskoye,RU,54.3708,92.1358,15.3,91,100,4.5,overcast clouds
575,Khakhea,BW,-24.6895,23.494,64.74,26,6,7.63,clear sky
576,Tabas,IR,33.5959,56.9244,58.89,67,87,2.15,overcast clouds
577,Chernyshevskiy,RU,63.0128,112.4714,-31.2,100,82,3.13,broken clouds
578,Kinkala,CG,-4.3614,14.7644,70.77,95,100,2.24,light rain
579,Waddan,LY,29.1614,16.139,66.81,38,83,6.76,broken clouds
580,Virden,US,39.5009,-89.7679,29.79,60,3,4.85,clear sky
581,Geraldton,AU,-28.7667,114.6,75.13,49,0,16.11,clear sky
582,Anse-Bertrand,GP,16.4721,-61.5078,73.22,73,5,11.12,clear sky
583,Maturin,VE,9.75,-63.1767,72.36,96,24,3.91,few clouds
584,Medicine Hat,CA,50.0501,-110.6683,48.22,35,100,7.0,overcast clouds
585,Aurora,US,39.7294,-104.8319,56.44,25,1,1.99,clear sky
586,Anadyr,RU,64.75,177.4833,-12.5,77,62,6.71,fog
587,Kawalu,ID,-7.3817,108.2082,81.1,80,77,1.95,broken clouds
588,Druzhba,UA,52.0428,33.9453,27.37,72,100,5.14,overcast clouds
589,Jesus De Otoro,HN,14.4833,-87.9833,66.56,99,32,3.0,scattered clouds
590,Mendi,PG,-6.1761,143.6513,65.03,86,78,3.76,broken clouds
591,Zhanakorgan,KZ,43.9098,67.2495,37.81,62,98,8.21,overcast clouds
592,Velasco Ibarra,EC,-1.05,-79.6167,76.95,67,100,2.64,overcast clouds
593,Frontera,MX,26.9333,-101.45,56.32,38,85,3.0,overcast clouds
594,Havelock,US,34.8791,-76.9013,52.02,92,97,1.01,overcast clouds
595,Palm Desert,US,33.7222,-116.3745,77.54,18,1,0.0,clear sky
596,Saquena,PE,-4.6667,-73.5167,72.54,89,100,1.79,overcast clouds
597,Korla,CN,41.7597,86.1469,26.42,63,11,2.04,few clouds
598,Aklavik,CA,68.2191,-135.0107,-17.68,96,100,6.82,overcast clouds
599,Ekhabi,RU,53.5102,142.9671,33.58,83,100,30.27,overcast clouds
600,Ardesen,TR,41.1911,40.9875,49.96,53,5,4.5,clear sky
601,Omboue,GA,-1.5746,9.2618,77.14,91,100,4.25,light rain
602,Northam,GB,51.0333,-4.2167,40.39,80,16,6.04,few clouds
603,Rudbar,AF,30.15,62.6,57.58,21,0,4.9,clear sky
604,Raudeberg,NO,61.9875,5.1352,41.95,95,100,5.99,light rain
605,Myitkyina,MM,25.3833,97.4,68.05,76,10,2.89,clear sky
606,Tromso,NO,69.6496,18.957,28.42,86,75,4.0,light shower snow
607,Saint-Louis,SN,16.3333,-15.0,82.35,20,100,7.96,overcast clouds
608,Kungurtug,RU,50.5994,97.5228,12.02,78,100,2.17,overcast clouds
609,Aksha,RU,50.2814,113.2867,6.17,75,5,2.77,clear sky
610,Sarangani,PH,5.4033,125.4636,83.88,76,100,21.77,light rain
611,Ballina,AU,-28.8667,153.5667,78.98,78,26,10.4,scattered clouds
612,Normandin,CA,48.8333,-72.5321,21.25,77,57,7.25,broken clouds
613,Malmesbury,ZA,-33.4608,18.7271,62.8,85,2,7.61,clear sky
614,Richards Bay,ZA,-28.783,32.0377,69.87,91,100,12.48,light rain
615,Pendleton,US,45.6721,-118.7886,45.99,93,90,5.75,fog
616,Fengcheng,CN,40.4536,124.0717,24.93,34,0,13.33,clear sky
617,Nome,US,64.5011,-165.4064,3.27,60,1,9.22,clear sky
618,Mill Valley,US,37.906,-122.545,61.74,73,0,1.01,clear sky
619,Kosh-Agach,RU,50.0,88.6667,11.25,65,100,2.17,overcast clouds
620,Baykit,RU,61.67,96.37,14.02,96,100,3.27,light snow
621,Moche,PE,-8.1711,-79.0092,62.78,88,98,10.36,overcast clouds
622,Mapiripan,CO,2.8892,-72.1256,74.55,90,98,3.06,overcast clouds
623,San Quintin,MX,30.4833,-115.95,66.02,61,96,6.44,overcast clouds
624,Baniyas,SY,35.1819,35.9487,62.35,61,0,4.45,clear sky
625,Cafelandia,BR,-21.8025,-49.61,72.41,38,16,4.63,few clouds
626,Alyangula,AU,-13.8483,136.4192,86.47,61,79,6.33,broken clouds
627,Mulege,MX,26.8833,-111.9833,66.9,73,100,4.16,overcast clouds
628,Hilton Head Island,US,32.2163,-80.7526,58.98,89,90,5.75,overcast clouds
629,Tucuman,AR,-26.8241,-65.2226,73.65,78,71,6.17,broken clouds
630,Notre-Dame-Du-Lac,CA,47.6136,-68.7964,33.26,75,100,7.38,overcast clouds
631,Muroto,JP,33.2833,134.15,53.73,55,2,16.8,clear sky
632,Walvis Bay,NA,-22.9575,14.5053,59.09,93,0,5.5,clear sky
633,Valparaiso,CL,-33.0393,-71.6273,58.12,88,90,8.05,haze
634,Baghmara,IN,23.795,86.2085,71.92,57,0,4.99,clear sky
635,Bidar,IN,17.9,77.55,72.97,84,99,3.2,overcast clouds
636,Dingle,PH,10.9995,122.6711,84.7,76,39,12.75,scattered clouds
637,Sibolga,ID,1.7427,98.7792,82.74,70,100,1.23,overcast clouds
638,Deer Lake,CA,49.1667,-57.4316,41.32,80,99,14.85,overcast clouds
639,Filingue,NE,14.3521,3.3168,78.66,21,0,9.75,clear sky
640,Baloda Bazar,IN,21.6667,82.1667,71.82,62,5,3.06,clear sky
641,Bagan,RU,54.1001,77.6646,30.67,97,100,17.69,light snow
642,Usinsk,RU,65.9939,57.5281,0.32,97,100,9.71,overcast clouds
643,Bahia Blanca,AR,-38.7196,-62.2724,56.62,63,0,9.78,clear sky
644,General Pico,AR,-35.6566,-63.7568,64.49,31,100,8.95,overcast clouds
645,Jalu,LY,29.0331,21.5482,60.96,48,100,8.9,overcast clouds
646,Trincomalee,LK,8.5711,81.2335,80.38,81,90,4.38,overcast clouds
647,Uvarovka,RU,55.5278,35.6061,21.94,79,66,5.46,broken clouds
648,Alta Floresta,BR,-9.8756,-56.0861,71.44,96,100,3.02,moderate rain
649,Araouane,ML,18.9048,-3.5265,76.37,30,97,8.63,overcast clouds
650,Fukuma,JP,33.7667,130.4667,52.03,60,100,17.94,overcast clouds
651,Dutse,NG,11.7594,9.3392,72.55,27,7,5.46,clear sky
652,Los Algarrobos,PA,8.5,-82.4333,73.49,86,100,3.29,overcast clouds
653,Las Choapas,MX,17.9333,-94.0833,71.89,91,23,6.24,few clouds
654,Sfantu Gheorghe,RO,45.8667,25.7833,45.57,57,100,2.19,light rain
655,Kati,ML,12.7441,-8.0726,72.81,24,78,1.21,broken clouds
656,Kloulklubed,PW,7.0419,134.2556,88.3,76,81,13.85,broken clouds
657,Inverell,AU,-29.7833,151.1167,79.66,56,94,5.01,overcast clouds
658,Baie-Comeau,CA,49.2168,-68.1489,29.48,77,100,7.85,overcast clouds
659,San Vicente,AR,-26.6167,-54.1333,68.56,60,100,1.77,overcast clouds
660,Srandakan,ID,-7.9386,110.2506,66.72,88,100,2.44,moderate rain
661,The Valley,AI,18.217,-63.0578,80.1,72,100,12.86,overcast clouds
662,Yantal,RU,56.8471,105.2542,12.36,87,100,4.09,overcast clouds
663,Ayan,RU,56.45,138.1667,23.76,80,100,30.82,overcast clouds
664,Sept-Iles,CA,50.2001,-66.3821,38.05,83,100,8.99,overcast clouds
665,Talara,PE,-4.5772,-81.2719,65.25,84,42,7.9,scattered clouds
666,Newport,GB,51.5877,-2.9984,40.86,90,12,6.96,few clouds
667,Hovd,MN,48.0056,91.6419,23.34,37,50,5.82,scattered clouds
668,Kolobrzeg,PL,54.1757,15.5834,38.97,86,100,22.46,overcast clouds
669,Venado Tuerto,AR,-33.7456,-61.9688,66.76,32,0,11.97,clear sky
670,Bumba,CD,2.1833,22.4667,70.27,88,78,0.36,broken clouds
671,Sol-Iletsk,RU,51.1631,54.9918,22.57,94,23,7.14,few clouds
672,Singaparna,ID,-7.3515,108.111,80.47,79,79,2.21,broken clouds
673,Nemuro,JP,43.3236,145.575,41.86,63,17,28.3,few clouds
674,Kitimat,CA,54.0524,-128.6534,39.9,40,97,1.99,light rain
675,Kachug,RU,53.9606,105.8817,5.22,93,89,1.3,overcast clouds
676,Grindavik,IS,63.8424,-22.4338,41.47,70,75,17.27,broken clouds
677,Mikumi,TZ,-7.4041,36.9831,67.14,83,43,4.12,scattered clouds
678,Mandera,KE,3.9366,41.867,77.74,70,14,10.29,few clouds
679,Kupang,ID,-10.1667,123.5833,87.91,61,87,2.86,overcast clouds
680,Hammerfest,NO,70.6634,23.6821,27.05,74,40,8.05,light snow
681,Presidente Prudente,BR,-22.1256,-51.3889,72.7,30,14,4.72,few clouds
682,Biltine,TD,14.5333,20.9167,72.45,24,54,14.41,broken clouds
